<?xml version="1.0" encoding="utf-8" standalone="yes"?>
<channel>
	<id>divxatope</id>
	<name>Divxatope</name>

	<active>true</active>
	<adult>false</adult>
	<language>es</language>

	<fanart></fanart>
	<thumbnail>http://media.tvalacarta.info/pelisalacarta/squares/divxatope.png</thumbnail>
	<bannermenu>http://media.tvalacarta.info/pelisalacarta/bannermenu/divxatope.png</bannermenu>

	<update_url>https://raw.githubusercontent.com/tvalacarta/pelisalacarta/master/python/main-classic/channels/</update_url>
	<version>8</version>

	<changes>
		<change>
			<date>31/12/16</date>
			<autor>super_berny</autor>
			<description>Adaptado, por cambios en la web</description>
		</change>
		<change>
			<date>01/07/16</date>
			<autor>SeiTaN</autor>
			<description>Eliminado código innecesario.</description>
		</change>
		<change> 
			<date>29/04/16</date>
			<autor>super_berny</autor>
			<description>Adaptar a Buscador global y Novedades Peliculas y Series</description>
		</change>
	</changes>

	<categories>
		<category>torrent</category>
		<category>movie</category>
		<category>serie</category>
	</categories>
	
	<settings>
		<id>include_in_global_search</id>
		<type>bool</type>
		<label>Incluir en busqueda global</label>
		<default>false</default>
		<enabled>true</enabled>
		<visible>true</visible>
	</settings>
	<settings>
		<id>include_in_newest_peliculas</id>
		<type>bool</type>
		<label>Incluir en Novedades - Peliculas</label>
		<default>true</default>
		<enabled>true</enabled>
		<visible>true</visible>
	</settings>
	<settings>
		<id>include_in_newest_series</id>
		<type>bool</type>
		<label>Incluir en Novedades - Episodios de series</label>
		<default>true</default>
		<enabled>true</enabled>
		<visible>true</visible>
	</settings>
</channel>
