<?xml version="1.0" encoding="UTF-8" standalone="yes"?>
<addon id="script.module.catoal18" 
       name="[COLOR blue]CA[/COLOR][COLOR yellow]TO[/COLOR][COLOR red]AL[/COLOR] [COLOR lime]18[/COLOR]" 
	   version="5.3.8" 
	   provider-name="[COLOR blue]CA[/COLOR][COLOR yellow]TO[/COLOR][COLOR red]AL[/COLOR]">
  <requires>
    <import addon="xbmc.python" version="2.1.0"/>
	<import addon="script.module.addon.common" />
	<import addon="script.module.requests" />
	<import addon="script.module.urlresolver" />
  </requires>
  <extension point="xbmc.python.pluginsource" library="default.py">
        <provides>all</provides>
  </extension>
  <extension point="xbmc.addon.metadata">
    <summary lang="en"></summary>
    <description lang="en"></description>
	<disclaimer lang="en"></disclaimer>
    <platform>all</platform>
  </extension>
</addon>
