<?xml version="1.0" encoding="UTF-8" standalone="yes"?>
<addon id="plugin.video.JustForLaughs"
	name="[COLOR gold]Just For Laughs[/COLOR] [COLOR blue]CA[/COLOR][COLOR yellow]TO[/COLOR][COLOR red]AL[/COLOR]"
	version="0.0.4"
	provider-name="Catoal">
  <requires>
    <import addon="xbmc.python" version="2.1.0"/>
    <import addon="script.module.addon.common" version="2.0.0"/>
    <import addon="plugin.video.youtube" version="5.0.0"/>
  </requires>
  <extension point="xbmc.python.pluginsource" library="default.py">
    <provides>video</provides>
  </extension>
  <extension point="xbmc.addon.metadata">
    <summary lang="es">Kodi</summary>
    <description lang="es">Camaras Ocultas</description>
    <platform>all</platform>
    <forum>n/a</forum>
    <website>n/a</website>
  </extension>
</addon>
