<?xml version="1.0" encoding="UTF-8" standalone="yes"?>
<addon id="plugin.video.SportsDevil" name="SportsDevil" version="2200016.06.04" provider-name="MaxMustermann">
  <requires>
   <import addon="xbmc.python" version="2.14.0"/>
   <import addon="script.module.simplejson" />
   <import addon="script.module.six" />
   <import addon="script.module.requests" />
   <import addon="script.module.livestreamer" />
   <import addon="script.module.pydevd" version="4.4.0" optional="true"/>
  </requires>
  <extension 
    point="xbmc.python.pluginsource"
    library="default.py">
   <provides>video</provides>
  </extension>
  <extension point="xbmc.addon.metadata">
    <summary>Play videos of different sports streaming sites</summary>
    <description>Play videos of different Channels streaming sites Updated DMO: 04/06/2016 (from HUBBA3´s Version 16/05/2016)... +Info in Change Log - +Info en Registro de Cambios (Gracias Goldonx, Quequeq, Nano y JxxxxxX!!)... Soporte para p2p con Plugin PLEXUS</description>
    <license>GNU GENERAL PUBLIC LICENSE. Version 2, June 1991</license>
   <platform>all</platform>
  </extension>
</addon>
