<?xml version="1.0" ?>
<server>
	<active>true</active>
	<version>2</version>
	<changes>
		<change>
			<date>21/02/2017</date>
			<autor>Cmos</autor>
			<description>Corregido y añadida opcion m3u8</description>
		</change>
		<change>
			<date>28/07/2016</date>
			<autor>Cmos</autor>
			<description>Versión inicial</description>
		</change>
	</changes>

	<free>true</free>
	<id>datoporn</id>
	<name>datoporn</name>
	<premium></premium>
	<thumbnail>http://i.imgur.com/tBSWudd.png?1</thumbnail>
	<update_url>https://raw.githubusercontent.com/tvalacarta/pelisalacarta/master/python/main-classic/servers/</update_url>
</server>
