<?xml version="1.0" ?>
<server>
	<active>true</active>
	<version>2</version>
	<changes>
		<change>
			<date>05/03/2017</date>
			<autor>Cmos</autor>
			<description>Reparado por cambios y corregidas expresiones regulares</description>
		</change>
		<change>
			<date>25/03/2016</date>
			<autor></autor>
			<description>Versión inicial</description>
		</change>
	</changes>

	<free>true</free>
	<id>mailru</id>
	<name>mailru</name>
	<premium></premium>
	<thumbnail>http://media.tvalacarta.info/servers/server_mailru.png</thumbnail>
	<update_url>https://raw.githubusercontent.com/tvalacarta/pelisalacarta/master/python/main-classic/servers/</update_url>
</server>
