<?xml version="1.0" ?>
<server>
	<active>true</active>
	<version>2</version>
	<changes>
        <change>
            <date>29/01/2017</date>
            <autor>Cmos</autor>
            <description>Reparado por cambios, se elimina la detección de enlaces de yaske que ya no se usa</description>
        </change>
        <change>
            <date>31/08/2015</date>
            <autor>tvalacarta</autor>
            <description>Versión inicial</description>
        </change>
	</changes>
	<free>true</free>
	<id>netutv</id>
	<name>netutv</name>
	<premium></premium>
	<thumbnail>http://media.tvalacarta.info/servers/server_netutv.png</thumbnail>
	<update_url>https://raw.githubusercontent.com/tvalacarta/pelisalacarta/master/python/main-classic/servers/</update_url>
</server>
