<?xml version="1.0" ?>
<server>
	<active>true</active>
	<version>5</version>
	<changes>
		<change>
			<date>03/03/2017</date>
			<autor>Cmos</autor>
			<description>Corregido por cambios en el servidor</description>
		</change>
		<change>
			<date>07/02/2017</date>
			<autor>Cmos</autor>
			<description>Corregido por cambios en el servidor y adaptado al uso de httptools</description>
		</change>
		<change>
			<date>11/01/2017</date>
			<autor>Cmos</autor>
			<description>Reparado por cambios en el servidor</description>
		</change>
	</changes>
	<free>true</free>
	<id>openload</id>
	<name>openload</name>
	<premium>
		<value>realdebrid</value>
	</premium>
	<thumbnail>http://media.tvalacarta.info/servers/server_openload.png</thumbnail>
	<update_url>https://raw.githubusercontent.com/tvalacarta/pelisalacarta/master/python/main-classic/servers/</update_url>
</server>
