<?xml version="1.0" encoding="UTF-8" standalone="yes"?>
<addon id="script.limpiarkodi"
       name="[COLOR blue]Limpia[/COLOR][COLOR yellow] Tu[/COLOR][COLOR red] Kodi[/COLOR]"
       version="0.0.3"
       provider-name="Catoal">
  <requires>
    <import addon="xbmc.python" version="2.1.0"/>
  </requires>
 	<extension point="xbmc.python.pluginsource" library="default.py">
		<provides>executable</provides>
	</extension> 
  <extension point="xbmc.service" library="service.py" start="startup" />
  <extension point="xbmc.addon.metadata">
    <platform>all</platform>
    <summary>Limpiar</summary>
    <description>Limpia los Caches de Kodi.</description>
    <language></language>
    <license></license>
    <source></source>
    <forum></forum>
    <website></website>
  </extension>
</addon>
