<?xml version="1.0" encoding="UTF-8" standalone="yes"?>
<addon id="plugin.video.newpct1" name="[COLOR gold]NewPCT1[/COLOR] [COLOR blue]CA[/COLOR][COLOR yellow]TO[/COLOR][COLOR red]AL[/COLOR]" version="5.3.9"
       provider-name="Catoal">
    <requires>
        <import addon="xbmc.python" version="2.12.0"/>
        <import addon="script.module.mctools" optional="false"/>
    </requires>
    <extension point="xbmc.python.pluginsource" library="main.py">
        <provides>video</provides>
    </extension>
    <extension point="xbmc.service" library="service.py" start="login">
    </extension>
    <extension point="xbmc.addon.metadata">
                <summary lang="es">Peliculas</summary>
                <description lang="es">Add-on es de NewPCT1</description>
        <language></language>
        <platform>all</platform>
        <forum></forum>
        <disclaimer></disclaimer>
        <license></license>
    </extension>
</addon>
